description,calories,protein,carbs,fat
"Pretzels, hard, multigrain with Cereal, multigrain",397.5,11.4,81.5,3.4
Graham crackers,331.5,5.2,59.9,8.2
"Yogurt, Greek, plain, lowfat",183.1,6.0,2.4,1.2
Nutrition bar (South Beach Living High Protein Bar),326.2,24.0,30.4,12.0
"Pretzels, soft, filled with cheese",126.6,3.8,23.3,2.0
"Crackers, wheat",382.2,7.7,60.8,13.2
"Tortilla chips, plain",315.4,4.7,45.3,13.8
"Babyfood, pretzels with Raisins",284.4,6.7,62.6,1.2
"Prune, dried",220.5,2.0,58.7,0.3
"Pineapple, dried",385.6,1.4,93.5,0.8
"Veggie burger, on bun with Crackers, oyster",332.1,13.8,51.8,7.3
"Yogurt, Greek, plain, nonfat with Dark chocolate candy, other, NFS",180.2,9.2,17.3,8.1
"Grapefruit juice, pink, raw with Banana pudding",105.6,1.6,20.4,2.1
"Snacks, rice cakes, brown rice, corn",136.7,3.0,28.8,1.1
"Yogurt parfait, lowfat, with fruit and granola",78.1,3.1,14.8,0.9
"Fruit smoothie, with whole fruit, no dairy",57.3,0.6,13.4,0.4
"Grapefruit juice, white, raw with Pineapple, dried",164.3,0.8,39.7,0.4
"Soup, Matzo ball with Cereal or granola bar (Quaker Chewy Dipps Granola Bar)",204.6,4.0,28.0,8.2
"Clementines, raw",76.9,0.3,4.7,0.1
"Nabisco, Nabisco Snackwell's Fat Free Devil's Food Cookie Cakes with Babyfood, pretzels",372.6,8.2,83.8,1.6
"Beverages, V8 SPLASH Juice Drinks, Strawberry Kiwi",107.3,0.0,6.6,0.0
"Yogurt parfait, with fruit",102.7,5.2,15.9,2.2
"Breakfast bar, date, with yogurt coating with Pears, raw",283.9,2.5,50.5,4.9
"Crackers, cheese (Cheez-It)",180.7,4.0,22.0,8.4
"Edamame, frozen, prepared with Egg, whole, cooked, hard-boiled",296.9,9.7,4.7,5.8
"Mango, dried",314.7,2.4,77.5,1.2
"Crackers, rice and nuts",262.2,6.6,47.2,5.4
"Chicken, feet, boiled",253.4,22.9,0.2,17.2
"Kiwi fruit, raw",64.2,1.1,14.0,0.4
"Banana pudding with Peanut butter sandwich, with regular peanut butter, on white bread",183.4,4.6,26.4,7.0
"Blackberries, frozen",66.1,1.2,16.2,0.4
"Sausage, summer, pork and beef, sticks, with cheddar cheese",131.0,6.0,0.6,11.7
"Cereal, granola",365.3,8.5,58.6,11.3
Noodle pudding,165.0,4.7,24.5,5.8
"Bagel, with raisins",135.4,5.0,27.8,0.6
"Carrot, dehydrated",236.4,5.6,55.2,1.0
"Egg, deviled",205.2,11.9,1.1,16.5
"Puddings, rice, dry mix, prepared with whole milk",286.2,1.8,11.7,1.6
"Eggs, Grade A, Large, egg white with Egg, deviled",93.8,11.4,2.1,4.0
"Cashews, NFS",340.8,9.1,19.4,27.5
"Popcorn, microwave, kettle",349.0,6.5,40.2,19.0
"Edamame, cooked with Cake, fruit cake",156.3,5.9,21.9,6.0
"Egg, deviled with Popcorn, caramel coated",344.4,10.0,38.2,17.3
"Tangerine juice, 100% with Muffin, carrot",106.3,1.6,17.8,3.4
"Blueberries, frozen",52.0,0.4,12.4,0.7
"Seeds, sunflower seed kernels, dried",300.7,10.7,10.3,26.5
"Puddings, rice, dry mix",390.7,2.8,94.8,0.1
"Popcorn, microwave, kettle with Raspberries, raw",360.9,6.7,43.9,18.6
"Tortilla chips, reduced fat, plain",294.1,7.8,56.6,4.0
"Yogurt, Greek, Blueberry, CHOBANI",301.0,6.3,11.2,0.2
"Popcorn, caramel coated",132.5,1.2,24.3,3.9
"Trail mix with chocolate with Tomatoes, raw",292.1,6.9,28.6,18.5
"Bean salad, yellow and/or green string beans",115.1,3.7,13.7,5.3
"Pumpkin seeds, unsalted",297.9,15.5,7.6,25.5
Nutrition bar (South Beach Living High Protein Bar),256.7,18.9,23.9,9.5
"Cereal, oat squares",387.8,10.6,75.0,5.3
"Apricot, raw",52.3,1.5,12.1,0.4
Nutrition bar (Snickers Marathon Protein Bar),233.8,14.1,28.5,7.0
"Celery juice with Pistachio nuts, salted",132.3,4.6,8.2,9.9
"Cereal or granola bar (Kellogg's Nutri-Grain Cereal Bar) with Nutritional drink or shake, high protein, ready-to-drink (Slim Fast)",164.4,3.2,28.2,4.3
"Dip, salsa con queso, cheese and salsa- medium",90.4,2.0,7.0,6.0
Peanut sauce,288.7,7.1,24.7,18.0
"Puddings, rice, dry mix",362.4,2.6,87.9,0.1
"Popcorn, ready-to-eat, kettle",255.2,2.6,29.3,14.5
"Popcorn, air-popped, with added butter with Cake, fruit cake",392.3,7.4,65.9,12.8
"Bagel, with raisins",317.3,11.6,65.2,1.4
"Apricots, raw",175.0,1.2,9.7,0.3
"Hummus, commercial",98.8,3.2,6.3,7.4
"Snacks, rice cakes, brown rice, buckwheat",211.4,5.0,44.6,1.9
Guacamole with tomatoes,139.8,1.8,7.8,12.6
"Popcorn, ready-to-eat, kettle",161.9,1.7,18.6,9.2
"Muffin, carrot with Salsa, red",189.7,3.2,27.3,7.7
Guacamole with tomatoes,155.2,2.0,8.7,14.0
"Snacks, trail mix, regular",168.2,5.0,16.3,10.7
"Hummus, plain with Fruit and vegetable smoothie, bottled",139.5,3.9,11.3,8.8
Orange chicken,188.3,10.4,16.1,9.1
"Grapefruit, canned with Bread, raisin",115.0,3.4,23.5,1.2
"Fruit and vegetable smoothie, bottled",58.1,0.7,13.7,0.3
"Banana, baked with Crackers, cheese",232.0,4.0,33.6,9.0
"Bananas, dehydrated, or banana powder with Cookie, peanut butter",275.9,4.0,54.3,6.9
"Pretzels, NFS",224.5,5.9,47.0,1.7
Raisins with Popcorn cake,277.0,4.9,66.0,1.2
Beef jerky,233.5,18.9,6.3,14.6
"Pistachio nuts, unsalted with Cottage cheese, farmer's",333.4,14.2,14.6,26.2
"Almond butter sandwich, on wheat bread",201.6,7.5,18.9,10.7
"Cherries, raw",69.9,1.0,15.9,0.2
"Fruit smoothie, light",60.7,3.0,11.1,0.7
"Hummus, home prepared",113.4,3.1,12.9,5.5
"Cereal or granola bar, nonfat",217.7,3.8,49.4,0.6
Beef jerky,274.8,22.3,7.4,17.2
"Snacks, rice cakes, brown rice, corn with Banana, baked",307.3,6.1,64.5,3.0
"Fruit smoothie, with whole fruit and dairy",58.9,2.1,10.7,1.0
"Chia seeds with Fruit and vegetable smoothie, bottled",360.3,12.0,33.1,22.1
"Peach, dried",271.5,4.1,69.7,0.9
"Snacks, trail mix, regular with Mango, frozen",250.2,7.1,28.2,14.5
"Tortilla chips, plain",377.7,5.7,54.2,16.5
"Dried, fruit, NFS",151.0,1.2,39.8,0.3
"Crackers, oatmeal",282.1,4.5,43.9,10.2
"Hummus, plain",144.6,4.4,8.9,10.2
"Yogurt parfait, with fruit",81.3,4.1,12.6,1.7
"Apricot, canned",57.6,0.7,14.0,0.2
"Peanuts, boiled",276.6,11.7,18.5,19.1
"Papaya, raw with Melons, cantaloupe, raw",92.0,0.7,9.7,0.2
"Cherries, maraschino",143.5,0.2,36.5,0.2
"Yogurt, Greek, Blueberry, CHOBANI",299.8,6.3,11.2,0.2
Raisins,142.6,1.6,37.8,0.1
"Muffin, carrot",352.7,5.6,49.9,14.8
"Banana pudding with Cheese, cottage, NFS",88.5,3.8,13.0,2.4
Cake made with glutinous rice,215.9,1.9,41.5,5.0
"Crackers, cheese (Goldfish)",152.7,3.4,18.6,7.1
"Apricot, raw with Veggie burger patty, no bun",89.6,6.1,12.0,2.3
"Yogurt, liquid",85.9,4.2,14.6,1.2
Peanut sauce,194.1,4.8,16.6,12.1
"KFC, Popcorn Chicken",278.0,14.0,16.8,17.2
"Dates, medjool",144.1,0.9,39.0,0.1
"Banana, baked with Dates, medjool",221.5,1.3,53.0,2.1
"Cherries, dried",308.6,1.2,74.6,0.7
Chickpea flour (besan),249.3,14.4,37.2,4.3
"Trail mix, NFS",357.2,8.6,40.2,21.1
"Yogurt, Greek, plain, lowfat",317.3,10.4,4.1,2.0
"Dip, salsa con queso, cheese and salsa- medium with Vegetable chips",297.6,3.8,32.5,16.9
"Chickpeas, from canned, no added fat with Ladoo, round ball",186.6,6.2,24.4,7.6
"Cake, fruit cake",211.4,1.9,40.2,5.9
Almond chicken,87.9,7.1,2.0,5.9
"Crackers, sandwich, cheese filled",215.5,4.2,27.9,9.5
"Edamame, frozen, prepared",241.5,5.7,4.2,2.5
"Snacks, corn cakes",319.0,6.7,68.8,2.0
Cereal or granola bar (Quaker Chewy Dipps Granola Bar),263.2,4.1,35.6,11.2
"Pretzels, soft, NFS",291.1,6.8,58.5,3.4
"Cookie, raisin",181.6,1.9,30.8,6.2
"Tzatziki dip with Sunflower seeds, NFS",173.6,6.7,7.3,14.1
"Fruit smoothie, bottled with Peach nectar",53.4,0.4,12.5,0.4
"Cereal, crunch",237.8,2.6,49.0,3.3
"Apricots, raw with Cherries, canned",139.1,1.1,14.6,0.3
Rice cake,124.7,2.3,25.8,1.4
"Popcorn, air-popped, no butter added",365.6,12.2,73.6,4.3
"Yogurt, NFS with Hard cider",80.6,3.8,8.7,1.6
"Clementines, raw",89.4,0.4,5.4,0.1
"Guacamole, NFS with Milk and cereal bar",285.6,4.1,36.8,14.6
"Veggie burger, on bun, with cheese",108.5,6.3,12.2,3.8
"Crackers, whole-wheat, low salt",200.6,4.0,31.1,7.8
"Yogurt parfait, lowfat, with fruit and granola",56.0,2.2,10.6,0.7
Cereal or granola bar (Quaker Chewy Dipps Granola Bar),190.7,3.0,25.8,8.1
"Cherries, maraschino",59.5,0.1,15.1,0.1
"Bean salad, yellow and/or green string beans with Pumpkin seeds, NFS",246.9,11.3,13.8,18.0
"Seeds, breadfruit seeds, boiled with Cashews, unsalted",245.7,7.0,29.4,12.1
"Fish, stick",216.8,8.6,17.0,12.7
"Energy Drink with KFC, Popcorn Chicken",96.6,3.9,10.4,4.4
"Cereal or granola bar, nonfat with Crackers, whole-wheat, reduced fat",279.3,5.7,59.3,2.1
Banana nectar,66.3,0.2,16.1,0.1
Nutrition bar (South Beach Living High Protein Bar),387.4,28.5,36.1,14.3
"Crackers, snack, Goya Crackers",166.1,5.4,24.7,5.1
"Seeds, sunflower seed butter, without salt",302.0,8.5,11.4,27.0
"Pretzels, NFS with Banana nectar",207.5,4.6,44.6,1.4
Cereal or granola bar (Quaker Chewy Dipps Granola Bar),251.7,3.9,34.1,10.7
"Nutritional drink or shake, high protein, ready-to-drink (Slim Fast)",57.5,6.2,0.8,3.2
"Trail mix, NFS",239.5,5.8,26.9,14.2
"Peach, dried",212.7,3.2,54.6,0.7
"Yogurt, soy",85.3,4.6,11.6,2.5
"Cookie, raisin",396.0,4.0,67.2,13.4
"Cheese, processed cheese food",238.4,12.5,6.9,17.9
Cereal or granola bar (Quaker Chewy 90 Calorie Granola Bar),387.6,4.0,75.2,7.9
"Celery juice with Nuts, walnuts, glazed",194.4,3.3,19.4,13.3
"Fruit smoothie, with whole fruit, no dairy with Pita chips",131.0,2.9,22.6,3.4
"Fruit smoothie, with whole fruit and dairy",55.7,2.0,10.1,0.9
"Popcorn, popped in oil, no butter added",182.8,3.3,21.2,10.3
"Hummus, home prepared",166.8,4.6,18.9,8.1
"Puddings, rice, dry mix with Crackers, cheese (Goldfish)",272.7,3.7,52.5,5.3
Orange chicken,126.8,7.0,10.9,6.1
"Tortilla chips, reduced fat, flavored",158.3,4.2,30.5,2.2
"Peach, raw with Sherbet, orange",167.0,0.8,13.1,0.6
"Puddings, rice, dry mix, prepared with whole milk",280.9,1.8,11.5,1.6
"McDONALD'S, Fruit 'n Yogurt Parfait (without granola)",79.5,2.2,15.6,1.0
"Muffin, carrot",324.6,5.2,45.9,13.7
"Cereal or granola bar, with rice cereal with Salsa verde or salsa, green",178.4,1.7,34.1,3.9
"Almond butter, lower sodium",277.1,8.9,9.1,22.8
"Seeds, watermelon seed kernels, dried",239.6,12.2,6.6,20.4
"Grapefruit, raw, white, California with Crackers, cheese (Cheez-It)",233.9,5.3,31.4,9.8
"Cookie, raisin with Tangerines, (mandarin oranges), raw",370.6,3.1,52.0,9.3
"Veggie burger, on bun, with cheese",89.7,5.2,10.1,3.1
"Cheese, cottage, NFS",78.1,10.5,4.1,2.2
"Cake, fruit cake with Nuts, cashew butter, plain, with salt added",332.4,5.0,37.0,20.3
Peanut butter and jelly,210.0,5.4,22.4,12.5
"Blackberries, frozen",54.3,1.0,13.3,0.4
"Cantaloupe nectar with Pecans, unsalted",216.7,2.6,9.5,18.7
"Fruit smoothie, bottled with Seeds, breadfruit seeds, boiled",72.2,1.4,15.4,0.7
"Toppings, pineapple",115.6,0.0,30.3,0.0
"Cherries, raw",73.4,1.1,16.7,0.2
"Plum, raw with Macadamia nuts",329.4,3.7,11.2,32.7
"Beverages, Kiwi Strawberry Juice Drink with Dip, salsa con queso, cheese and salsa- medium",75.4,1.2,9.8,3.6
"Tangerines, (mandarin oranges), raw",156.4,0.6,9.3,0.2
"Bean salad, yellow and/or green string beans",99.7,3.2,11.9,4.6
"Peanuts, boiled with Snacks, popcorn, air-popped (Unsalted)",341.1,12.6,45.9,13.8
"Hummus, home prepared",79.0,2.2,9.0,3.8
"Chickpeas, from canned, fat added",104.4,4.2,11.5,5.0
"Snacks, corn cakes with Tangerines, (mandarin oranges), raw",351.6,6.2,65.8,1.9
"McDONALD'S, Fruit 'n Yogurt Parfait",166.4,1.0,7.8,0.5
"Celery, pickled with Trail mix with chocolate",146.6,3.1,16.8,8.1
"Plum, canned",50.5,0.5,12.4,0.2
"Toppings, pineapple",207.2,0.1,54.4,0.1
"Papaya, canned with Pretzels, soft, filled with cheese",179.9,4.7,35.1,2.5
"Grapefruit juice, pink, raw with Chickpeas, from canned, reduced sodium",80.3,2.5,11.9,2.7
"Pretzels, soft, NFS",143.4,3.3,28.8,1.7
"Nutritional drink or shake, high protein, ready-to-drink (Slim Fast)",58.0,6.3,0.8,3.2
"Pudding, chocolate, NFS",132.8,2.0,21.5,4.3
"Crackers, cheese (Goldfish) with Blackberries, raw",231.6,5.3,29.9,10.2
"Peanut butter sandwich, with regular peanut butter, on white bread",307.7,11.2,32.1,16.3
"Snacks, rice cakes, brown rice, corn",259.6,5.7,54.8,2.2
"Yogurt, NFS with Grapefruit, raw, white, California",90.7,5.6,12.3,2.3
"Cereal or granola bar, with rice cereal with Yogurt tube",316.2,4.1,60.2,6.5
"Puddings, rice, dry mix with Crackers, cheese, regular",351.1,5.5,61.1,9.3
Cheese ball,290.2,11.8,3.2,25.6
"Cereal, oat squares with Carissa, (natal-plum), raw",193.2,5.0,37.7,2.8
"Papaya, raw",50.6,0.6,12.7,0.3
"Toppings, pineapple",180.0,0.1,47.2,0.1
"Edamame, frozen, unprepared",73.9,7.6,5.2,3.2
"Nuts, cashew butter, plain, with salt added with Tangerines, (mandarin oranges), canned, juice pack",384.3,7.6,21.5,32.5
"Nuts, cashew butter, plain, without salt added",212.4,6.4,10.0,17.9
"Crackers, whole-wheat",202.0,5.0,32.9,6.7
"Seeds, sunflower seed butter, without salt",377.4,10.6,14.3,33.8
"Cheese spread, Swiss cheese base",214.5,12.1,6.5,15.7
"Grapes, muscadine, raw",56.5,0.8,13.8,0.5
"Bread, pita, white, enriched with Popcorn, air-popped, with added butter",275.4,8.3,50.1,4.8
"Salsa, red with Cereal or Granola bar, NFS",231.7,5.3,32.8,9.1
"Cereal or Granola bar, NFS",201.4,4.3,27.5,8.5
"Blueberries, frozen with Chickpeas, from canned, no added fat",68.3,2.6,12.7,1.3
"Nutritional drink or shake, high protein, light, ready-to-drink, NFS",64.0,2.5,8.0,2.5
"Snacks, pita chips, salted",294.2,7.6,44.0,9.8
"Veggie burger, on bun with Yogurt, Greek, plain, lowfat",255.2,11.1,16.8,3.4
"Cherries, maraschino with Mixed nuts, with peanuts, salted",320.0,8.0,27.2,21.8
"Mango, dried",332.5,2.6,81.9,1.2
"Cookie, granola",254.3,5.4,36.6,9.6
Nutrition bar (South Beach Living High Protein Bar),178.8,13.2,16.7,6.6
"Apple, baked",60.3,0.2,12.1,1.6
"Sunflower seeds, flavored",260.5,8.5,11.9,21.9
"Raspberries, raw with Cheese, cottage, with fruit",69.7,5.1,10.1,1.1
"Nabisco, Nabisco Snackwell's Fat Free Devil's Food Cookie Cakes",362.9,5.9,88.3,1.3
"Pudding, chocolate, NFS with Peanut sauce",181.9,3.5,22.9,8.5
"Crackers, whole-wheat, low salt",345.6,6.9,53.5,13.4
Cheese ball,319.3,13.0,3.5,28.1
"Banana, raw with Snacks, trail mix, regular",205.5,4.9,27.5,9.8
"Cherries, canned",85.6,0.8,21.7,0.2
"Mixed nuts, NFS",225.7,7.2,7.7,19.9
"Cereal or granola bar (Quaker Chewy Granola Bar) with Snacks, trail mix, regular",395.5,8.5,52.8,20.3
"Yogurt, soy",67.2,3.6,9.2,2.0
"Crackers, whole-wheat",326.3,8.1,53.2,10.8
"Apricots, raw with Vegetable smoothie",193.3,2.3,11.1,3.4
"Melons, cantaloupe, raw",81.1,0.5,4.7,0.1
Orange Blossom,72.6,0.4,6.9,0.2
"Bread, pita with Baking chocolate, unsweetened, squares",396.0,10.9,47.8,17.5
"Peanut butter sandwich, with regular peanut butter, on white bread",223.4,8.1,23.3,11.8
"Blackberries, frozen",69.0,1.3,16.9,0.5
"Cheese, cottage, NFS",74.3,10.0,3.9,2.1
"Cookie, peanut butter",308.0,5.8,37.9,15.5
"Sausage, summer, pork and beef, sticks, with cheddar cheese",277.9,12.7,1.2,24.7
"Pie, strawberry",128.2,1.3,19.6,5.1
"Snacks, rice cracker brown rice, plain with Crackers, rice",328.4,7.4,67.2,3.1
Almond chicken,113.9,9.1,2.6,7.7
"Guacamole, NFS with Eggs, Grade A, Large, egg whole",374.3,6.8,5.7,13.3
Cucumber salad made with cucumber and vinegar with Popcorn cake,190.5,4.7,39.6,1.5
"Apricots, raw with Tortilla chips, reduced fat, flavored",238.4,4.2,30.9,2.0
"Apricot, canned with Milk shake with malt",53.1,1.1,9.5,1.3
Cheese ball,227.7,9.2,2.5,20.1
"Trail mix, NFS with Corn beverage",220.1,5.2,26.9,11.9
Vegetable smoothie,90.3,2.8,5.9,6.7
"Cucumber, for use on a sandwich with Milk shake with malt",59.0,1.8,7.0,2.6
"Candy, fruit leather with Melons, honeydew, raw",298.5,0.3,69.4,2.3
"Pretzels, NFS",257.1,6.7,53.8,2.0
"Cereal, multigrain",344.9,10.8,68.4,3.3
"Cheese spread, cream cheese",310.4,7.5,3.7,30.1
"Yogurt, Greek, plain, nonfat",64.9,11.0,3.9,0.4
"Cereal, oat squares",299.1,8.2,57.8,4.1
"Peach, dried with Snacks, trail mix, regular",277.7,6.7,44.6,11.0
"Egg, deviled with Watermelon, raw",164.2,9.1,4.0,12.2
"Melons, cantaloupe, raw with Cucumber, for use on a sandwich",74.2,0.7,5.3,0.2
"Veggie burger, on bun, with cheese with Popcorn cake",280.5,11.8,44.4,6.2
"Yogurt, Greek, Blueberry, CHOBANI with Fruit smoothie, NFS",285.3,6.3,13.5,0.5
"Yogurt, Greek, plain, nonfat",68.3,11.5,4.1,0.4
"Tzatziki dip with Carissa, (natal-plum), raw",78.7,3.2,8.1,4.0
"Seeds, breadfruit seeds, raw with Crackers, cheese, regular",206.0,6.0,27.7,8.1
"Veggie burger, on bun with Cottage cheese, farmer's",151.9,9.7,14.6,6.0
"Crackers, sandwich, cheese filled with Fruit smoothie, bottled",264.3,5.0,35.4,11.2
"Yogurt, Greek, with oats with Popcorn, ready-to-eat, kettle",331.0,8.8,40.1,15.5
"Crackers, oatmeal",191.0,3.1,29.7,6.9
"Chickpeas, from canned, reduced sodium",98.8,4.0,10.8,4.7
"Pretzels, soft, NFS with Pear, raw",165.4,3.5,34.4,1.7
"Crackers, rice",158.9,3.8,31.6,1.9
"Nuts, cashew butter, plain, without salt added",222.8,6.7,10.5,18.7
"Bean salad, yellow and/or green string beans",111.3,3.6,13.3,5.1
"Mixed nuts, NFS",266.9,8.6,9.1,23.6
"Clementines, raw",71.2,0.3,4.3,0.1
"Beverages, Kiwi Strawberry Juice Drink with Crackers, wheat",202.2,3.7,34.2,6.3
"Edamame, cooked",102.4,8.4,6.3,5.5
"Cheese, cottage, NFS",59.4,8.0,3.1,1.7
"Dip, salsa con queso, cheese and salsa- medium",101.4,2.2,7.9,6.7
"Chickpeas, NFS",141.8,5.5,17.1,6.0
Milk shake with malt,147.2,4.4,16.1,7.2
"Cereal, granola",334.9,7.8,53.7,10.4
"Tangerines, (mandarin oranges), raw with Nectarine, raw",105.5,0.6,8.0,0.2
"Chickpeas, from canned, no added fat",152.1,8.5,23.4,3.4
"Cherries, raw",58.9,0.9,13.4,0.2
"Prune, dried",227.0,2.1,60.4,0.4
"Tortilla chips, plain",223.6,3.4,32.1,9.8
"Chickpeas, from canned, no added fat with Crackers, sandwich, cheese filled",288.0,8.1,38.9,11.2
"Edamame, frozen, unprepared",124.9,12.8,8.7,5.4
"Fish, stick with Nuts, cashew butter, plain, without salt added",342.9,11.8,21.0,24.9
"Popcorn, air-popped, no butter added",216.3,7.2,43.5,2.5
"Abiyuch, raw with Yellow string beans, cooked",60.4,1.4,13.8,0.8
"Blueberries, dried",334.8,2.6,84.5,2.6
"Veggie burger, on bun, with cheese",88.9,5.1,10.0,3.1
"Cookie, raisin",249.3,2.5,42.3,8.5
"Veggie burger, on bun with Seeds, sunflower seed kernels, dried",335.1,14.1,21.6,23.2
"Pear, dried",270.0,1.9,71.8,0.6
Vegetable smoothie,66.6,2.1,4.4,5.0
"Fruit and vegetable smoothie, bottled",50.7,0.6,12.0,0.2
"Chickpeas, from canned, fat added",60.5,2.4,6.6,2.9
"Bread, pita, white, enriched",95.1,3.1,19.3,0.4
"Nutritional drink or shake, high protein, ready-to-drink (Slim Fast)",65.4,7.1,0.9,3.6
Nutrition bar (South Beach Living High Protein Bar),181.3,13.3,16.9,6.7
"Pineapple, frozen",52.4,0.4,12.3,0.2
"Pretzels, soft, multigrain",339.0,8.5,70.7,3.1
"Banana, baked",122.1,0.6,24.6,2.4
Chocolate chips with Guacamole with tomatoes,267.1,2.6,31.3,18.2
"Pretzels, soft",185.1,4.5,38.0,1.7
"Bean salad, yellow and/or green string beans",60.1,1.9,7.2,2.8
"Crackers, wheat with Papayas, raw",233.5,4.6,38.6,7.6
"Carrot, dehydrated with Snacks, rice cakes, brown rice, buckwheat",322.4,7.6,71.1,2.3
"Chickpeas, from canned, fat added",120.0,4.8,13.2,5.7
"Papaya nectar with Popcorn, popped in oil, no butter added",274.5,4.5,35.6,14.0
"Cereal, multigrain",191.1,6.0,37.9,1.8
"Melons, cantaloupe, raw",124.9,0.7,7.2,0.2
"Clementines, raw",125.7,0.5,7.6,0.1
"Bananas, dehydrated, or banana powder",300.6,3.4,76.7,1.6
"Cereal or granola bar (Quaker Chewy 90 Calorie Granola Bar) with Tortilla chips, reduced sodium",341.8,4.8,58.0,10.0
"Veggie burgers or soyburgers, unprepared",398.3,8.5,7.7,3.4
"Blueberries, raw",71.5,0.8,16.3,0.3
Chocolate chips,356.5,3.1,47.5,22.3
"Fruit smoothie, with whole fruit and dairy with Yogurt, Greek, plain, nonfat",67.8,6.2,8.8,0.8
"Guacamole with tomatoes with Chickpeas, from canned, fat added",127.9,3.5,10.8,8.6
Dark chocolate candy with Beef jerky,376.5,14.1,28.9,22.6
"Fish, stick with Crackers, cheese, regular",299.6,9.7,28.9,16.0
"Chickpeas, from canned, fat added",116.4,4.7,12.8,5.5
"Chickpeas, from canned, reduced sodium",203.7,8.2,22.4,9.7
Nutrition bar (South Beach Living High Protein Bar),301.1,22.2,28.1,11.1
"Cheese, processed cheese food",244.9,12.8,7.1,18.4
"Rice crackers with Salsa, red",247.5,6.2,49.1,2.9
"Bread, pita",123.1,4.1,24.9,0.5
"Ladoo, round ball with Snacks, popcorn, air-popped (Unsalted)",331.4,6.8,45.1,14.4
"Bread, pita with fruit",97.0,2.8,20.7,0.4
"Candy, fruit leather",276.5,0.1,63.9,2.2
"Egg, deviled",191.5,11.1,1.0,15.4
"Seeds, watermelon seed kernels, dried with Energy drink (Monster)",324.5,15.8,12.5,26.2
"Blueberries, frozen with Carrot, dehydrated",129.7,2.6,30.5,0.8
"Yogurt, Greek, Blueberry, CHOBANI",279.6,5.9,10.4,0.2
Milk and cereal bar,260.5,4.1,45.4,6.9
"Seeds, watermelon seed kernels, dried",341.3,17.3,9.4,29.0
"Crackers, cheese (Cheez-It)",165.8,3.7,20.2,7.7
"Snacks, rice cakes, brown rice, buckwheat",164.0,3.9,34.6,1.5
"Snacks, rice cakes, brown rice, buckwheat",366.0,8.7,77.2,3.4
"Pear, dried with Cottage cheese, farmer's",208.2,5.4,41.6,4.2
"Bread, pita",170.2,5.6,34.5,0.7
"Yogurt, Greek, plain, nonfat with Crackers, rice",134.7,8.0,22.2,1.4
"Tangerines, (mandarin oranges), raw",76.4,0.3,4.6,0.1
Macadamia nuts,371.5,4.0,6.7,39.5
Yogurt tube,77.0,4.1,13.0,1.0
"Cookie, raisin",157.2,1.6,26.7,5.3
Rice cake,320.3,5.8,66.3,3.5
"Fruit smoothie, light",56.6,2.8,10.4,0.7
"Snacks, trail mix, regular",317.8,9.5,30.9,20.2
"Cake made with glutinous rice with Snacks, corn cakes, very low sodium",240.1,3.5,48.8,3.6
"Fruit smoothie, NFS",55.6,2.0,10.1,0.9
"Edamame, frozen, prepared with Cheese ball",326.4,9.6,5.0,12.0
"Seeds, sunflower seed kernels, dried",190.2,6.8,6.5,16.8
"Snacks, popcorn, air-popped (Unsalted)",323.8,10.2,66.0,3.6
Cereal or granola bar (Kellogg's Nutri-Grain Cereal Bar) with Corn beverage,279.8,3.3,52.2,6.4
"Pear, dried",131.3,0.9,34.9,0.3
"Cereal, rice squares",170.0,3.3,36.9,1.0
Cereal or granola bar (Quaker Chewy 90 Calorie Granola Bar),194.4,2.0,37.7,4.0
"Graham crackers with Crackers, whole-wheat",357.2,6.8,62.2,9.9
"Snacks, fruit leather, pieces",310.7,0.9,71.7,2.3
"Fruit butters, apple",264.5,0.1,15.5,0.1
"Papaya, dried",221.9,0.9,55.4,0.6
Tofu yogurt,170.4,1.5,6.9,0.8
Corn nuts,315.1,6.0,50.8,11.0
"Almond butter, lower sodium",208.6,6.7,6.9,17.2
"Peanut butter sandwich, with regular peanut butter, on white bread",214.9,7.8,22.4,11.4
Cheese ball,180.9,7.3,2.0,16.0
Guacamole with tomatoes,142.8,1.8,8.0,12.9
"Ladoo, round ball with Edamame, frozen, unprepared",302.1,7.1,33.3,16.1
Beef jerky,273.4,22.1,7.3,17.1
"Peach, raw with Plum, raw",59.4,1.1,13.7,0.4
"Hummus, home prepared",136.5,3.7,15.5,6.6
"Mango, dried with Toppings, pineapple",243.1,1.5,60.8,0.7
"Tzatziki dip with Pumpkin seeds, NFS",222.8,11.9,6.8,18.0
Cereal or granola bar (Quaker Granola Bites),253.7,4.0,37.3,9.8
"Apple, candied with Ladoo, round ball",262.2,3.7,40.3,10.5
"Yogurt, Greek, strawberry, lowfat",278.9,5.2,7.8,1.6
"Fruit smoothie, light with Grape leaves, canned",116.0,3.0,9.8,1.0
"Egg, deviled",185.2,10.8,1.0,14.9
Almond chicken,102.3,8.2,2.3,6.9
"Chickpeas, from canned, fat added",75.5,3.0,8.3,3.6
"Strawberries, raw with Yogurt, Greek, Blueberry, CHOBANI",186.1,3.9,10.3,0.2
"Popcorn chips, plain",350.1,8.1,59.3,8.9
"Milk and cereal bar with Chickpeas, from canned, no added fat",309.0,7.7,52.4,7.9
"Papaya, dried",267.0,1.1,66.7,0.7
"Prune, dried with Pistachio nuts, unsalted",322.9,6.5,55.8,11.5
"Seeds, chia seeds, dried",299.3,10.2,25.9,18.9
"Apple, baked",60.4,0.2,12.1,1.6
"Crackers, oatmeal with Prune, dried",358.8,5.2,64.0,10.4
"Plums, raw",185.2,0.7,11.0,0.3
"Grape leaves, raw with Grapes, raw",63.2,2.7,12.9,1.0
Almond chicken,165.1,13.3,3.8,11.1
"Cherries, dried",150.8,0.6,36.4,0.3
Rice crackers,285.0,6.9,56.6,3.4
"Guacamole, NFS",82.1,1.0,4.5,7.5
"Chickpea flour (besan) with Peach, dried",334.3,14.3,62.6,4.1
"Nuts, macadamia nuts, raw",219.2,2.4,4.2,23.1
"Puddings, rice, dry mix, prepared with whole milk",398.0,2.6,16.2,2.2
"Strawberries, frozen with Yogurt, Greek, with oats",96.4,4.7,16.1,1.8
"Seeds, chia seeds, dried",159.7,5.4,13.8,10.1
"Babyfood, pretzels",133.3,3.6,27.6,0.7
"Carissa, (natal-plum), raw",56.2,0.5,12.3,1.2
Apricot nectar,60.0,0.2,14.6,0.5
Pork jerky,236.2,20.1,5.6,14.2
"Pear, dried with Puddings, rice, ready-to-eat",174.5,2.1,43.0,1.1
"Apple, candied",74.6,0.7,16.5,1.2
"Sherbet, orange",330.3,0.6,16.7,1.1
"Blueberries, frozen with Dark chocolate candy",196.5,1.8,26.4,9.7
"Guacamole, NFS",123.0,1.5,6.7,11.3
"Cucumber salad made with cucumber and vinegar with Pecans, unsalted",364.1,4.7,10.2,33.6
"Pretzels, NFS",358.3,9.4,75.0,2.7
Noodle pudding,205.6,5.8,30.5,7.3
"Cheese, processed cheese food",319.9,16.8,9.2,24.0
"Yogurt, NFS with Cherries, dried",154.5,5.1,28.3,2.3
"Crackers, cheese",333.7,7.5,40.6,15.5
"KFC, Popcorn Chicken",299.3,15.1,18.1,18.5
Nutrition bar (Snickers Marathon Protein Bar),151.0,9.1,18.4,4.5
"Pretzels, soft, unsalted",237.3,5.6,48.8,2.1
"Cereal, crunch with Crackers, rice",375.7,6.8,75.9,4.8
Almond chicken,204.4,16.4,4.7,13.8
Graham crackers,334.3,5.2,60.4,8.2
Banana chips,285.3,1.3,32.1,18.5
"Bread, pita",201.9,6.7,40.9,0.9
"Breakfast bar, date, with yogurt coating",292.0,3.1,59.5,6.1
"Papaya nectar with Egg, whole, cooked, hard-boiled",84.6,4.6,7.8,3.9
"Apple, raw",51.9,0.1,12.6,0.1
Tzatziki dip,70.6,4.1,3.2,4.7
"Bread, pita, white, enriched",155.2,5.1,31.4,0.7
"Snacks, corn cakes",308.9,6.5,66.6,1.9
Orange Blossom,88.4,0.5,8.4,0.2
Date,277.4,2.4,73.8,0.4
"Crackers, whole-wheat, low salt",245.2,4.9,38.0,9.5
"Crackers, wonton",307.1,6.1,30.6,18.7
"Bean salad, yellow and/or green string beans",123.0,4.0,14.7,5.6
"Nectarines, raw with Plum, canned",57.6,1.0,14.0,0.3
"Banana, raw",80.5,0.6,18.9,0.2
"Seeds, watermelon seed kernels, dried",279.2,14.2,7.7,23.8
"Kiwi fruit, raw",63.8,1.1,14.0,0.4
Trail mix with chocolate,393.9,9.1,37.8,25.3
"Cereal, oat squares",281.1,7.7,54.3,3.9
"Cereal, oat squares with Bean salad, yellow and/or green string beans",329.3,9.2,61.6,5.4
"Cherries, dried",336.9,1.3,81.4,0.7
"Toppings, pineapple",265.8,0.1,69.8,0.1
"Pretzels, hard, flavored",234.1,6.0,47.9,2.3
Cake made with glutinous rice,323.6,2.9,62.1,7.5
"Bread, pita, white, enriched",155.1,5.1,31.4,0.7
"Babyfood, pretzels",171.8,4.7,35.6,0.9
Vegetable smoothie,90.5,2.8,5.9,6.7
Rice crackers,392.8,9.4,78.0,4.7
"Hard cider with Ladoo, round ball",213.3,2.9,23.9,9.5
Popcorn cake,323.4,8.2,67.5,2.6
Venison/deer jerky,300.4,24.3,11.1,16.9
"Almond butter sandwich, on white bread",282.7,9.5,28.1,14.7
"Date with Mango, frozen",181.9,1.7,48.0,0.4
"Nutritional drink or shake, high protein, light, ready-to-drink, NFS",158.4,6.2,19.8,6.2
Dark chocolate candy with nuts,299.5,4.4,27.9,19.4
Popcorn cake,193.6,4.9,40.4,1.6
"Orange Blossom with Sunflower seeds, NFS",237.1,5.9,13.8,14.2
"Yogurt, Greek, plain, lowfat",222.9,7.3,2.9,1.4
"Bean salad, yellow and/or green string beans",93.1,3.0,11.1,4.3
"Trail mix with chocolate with Cookie, granola",386.8,8.7,42.4,21.9
"Mango, raw",71.4,1.0,17.8,0.5
"Prune, dried",259.2,2.4,69.0,0.4
"Orange, raw with Bananas, dehydrated, or banana powder",166.9,2.1,42.0,0.8
"Prune, dried with Cucumber, raw",116.2,1.2,30.6,0.2
"Pears, raw",107.6,0.2,6.8,0.1
"Peanuts, boiled",207.2,8.8,13.9,14.3
"Hummus, plain",285.2,8.6,17.5,20.1
"Apple, dried",222.6,0.9,60.4,0.3
"Veggie burger, on bun, with cheese",225.5,13.0,25.3,7.8
Apricot nectar,64.6,0.2,15.7,0.5
Tzatziki dip with Chickpea flour (besan),186.1,10.8,23.5,5.2
Cantaloupe nectar,65.5,0.3,15.8,0.1
"Snacks, corn cakes, very low sodium",264.9,5.5,57.1,1.6
"Cereal, granola with Melons, cantaloupe, raw",318.1,6.4,45.2,8.2
"Pear nectar with Baking chocolate, unsweetened, squares",260.5,4.9,20.7,17.8
"Salsa, red with Edamame, cooked",82.6,5.8,8.7,3.2
"Crackers, cheese (Cheez-It)",224.5,5.0,27.3,10.4
"Bread, pita with fruit",141.2,4.1,30.1,0.5
"Tortilla chips, plain with Pears, raw",336.1,3.9,41.3,11.0
"Yogurt, Greek, plain, lowfat",246.9,8.1,3.2,1.6
"Salsa, red with Edamame, cooked",53.5,3.5,6.2,1.9
"Grapefruit juice, white, raw with Chickpeas, from canned, fat added",98.8,3.2,14.3,3.5
"Seeds, sunflower seed kernels, dried with Chickpeas, from canned, fat added",380.0,13.7,16.2,31.8
"Yogurt parfait, lowfat, with fruit and granola",75.7,3.0,14.3,0.9
"Seeds, watermelon seed kernels, dried",308.8,15.7,8.5,26.3
"Pretzels, soft, multigrain",112.0,2.8,23.4,1.0
"Pudding, chocolate, NFS",51.5,0.8,8.3,1.7
Almond chicken,149.1,12.0,3.4,10.1
"Tomatoes, raw with Cookie, raisin",194.5,2.3,33.3,6.4
"Cookie, raisin",140.5,1.4,23.8,4.8
"Cheese ball with Pretzels, hard, flavored",376.2,13.6,26.2,24.3
"Vegetable smoothie with Egg, deviled",110.6,4.8,4.3,8.5
"Crackers, cheese, regular with Candy, fruit leather",314.0,4.6,50.2,10.4
"Beverages, Kiwi Strawberry Juice Drink",52.4,0.0,13.7,0.0
"Yogurt, Greek, with oats",161.5,10.0,21.7,4.0
"Puddings, rice, dry mix, prepared with whole milk",172.1,1.1,7.0,1.0
"Watermelon, raw with Cereal, crunch",181.1,2.1,38.2,2.3
"Cheese spread, Swiss cheese base",156.6,8.9,4.7,11.5
"Pretzels, NFS",359.9,9.4,75.3,2.7
"Tortilla chips, reduced fat, flavored",343.8,9.1,66.1,4.7
"Cake, fruit cake with Nectarine, raw",172.4,1.9,33.2,4.4
"Grape leaves, canned with Popcorn, air-popped, with added butter",324.7,6.7,32.7,7.2
"Crackers, oyster",383.0,8.7,67.9,7.9
Almond chicken,139.1,11.2,3.2,9.4
Orange chicken,96.8,5.3,8.3,4.7
"Pretzels, soft, NFS",238.9,5.5,48.0,2.8
Trail mix with chocolate,290.4,6.7,27.9,18.6
"Pretzels, soft, NFS",287.8,6.7,57.9,3.3
Nutrition bar (Snickers Marathon Protein Bar),144.1,8.7,17.5,4.3
"Grape leaves, raw with Nutritional drink or shake, high protein, ready-to-drink, NFS",80.7,6.1,10.4,2.7
"Puddings, rice, dry mix, prepared with 2% milk with Yellow string beans, cooked",299.7,2.5,14.6,1.8
"Blueberries, raw",56.1,0.6,12.8,0.3
"Strawberries, canned with Watermelon, raw",59.6,0.5,15.2,0.2
"Grape juice, 100%",55.0,0.1,13.1,0.2
"Date with Cantaloupe, raw",168.5,1.7,44.1,0.3
"Seeds, breadfruit seeds, boiled with Tortilla chips, reduced fat, flavored",195.2,5.7,37.3,2.7
"Yogurt, NFS",72.4,5.1,7.9,2.2
"Hummus, plain with Blueberries, frozen",178.1,4.9,15.2,11.1
Vegetable chips,395.2,3.8,47.3,21.2
"Pineapple, raw with Peanut butter sandwich, with regular peanut butter, on white bread",182.7,5.6,23.8,7.9
"Chickpeas, from canned, no added fat",101.2,5.7,15.6,2.2
"Puddings, rice, dry mix",325.5,2.3,78.9,0.1
"Peanut butter sandwich, with regular peanut butter, on white bread",343.4,12.5,35.8,18.2
"Papaya, canned with Apple, dried",88.8,0.4,23.5,0.2
"Snacks, rice cracker brown rice, plain",124.1,2.6,26.1,0.9
"Papaya, dried",96.9,0.4,24.2,0.3
"Pie, strawberry",140.0,1.4,21.4,5.6
"Tortilla chips, reduced sodium with Corn beverage",219.4,4.2,31.4,8.5
"Pretzels, hard, flavored",255.6,6.5,52.3,2.6
"Bananas, dehydrated, or banana powder",299.0,3.4,76.3,1.6
"Mango, dried",167.8,1.3,41.3,0.6
"Apricots, raw",235.6,1.6,13.0,0.5
"Babyfood, GERBER, 3rd Foods, apple, mango and kiwi with Pecans, unsalted",187.2,2.3,10.9,15.3
"Puddings, rice, dry mix with Pretzels, NFS",334.2,5.6,75.4,1.3
"Cashews, salted",318.4,8.1,17.3,26.2
"Snacks, rice cakes, brown rice, corn",234.7,5.1,49.5,2.0
"Peanut butter sandwich, with regular peanut butter, on wheat bread",174.4,7.0,17.2,9.4
"Popcorn chips, plain",160.8,3.7,27.2,4.1
"Grapes, raw",66.5,0.7,15.5,0.2
"Nutritional drink or shake, high protein, light, ready-to-drink, NFS",51.0,2.0,6.4,2.0
"Pretzels, soft, filled with cheese",259.0,7.8,47.6,4.1
Energy drink (SoBe Energize Energy Juice Drink),50.1,0.0,12.5,0.0
"Mango, raw with Cherries, maraschino",72.6,0.5,18.3,0.2
Cereal or granola bar (Quaker Chewy 90 Calorie Granola Bar) with Pear nectar,315.3,3.1,62.5,6.0
"Fruit smoothie, with whole fruit, no dairy",53.4,0.6,12.5,0.3
"Clementine, raw with Peanut butter",305.0,10.8,16.3,24.4
"Apricot, dried",246.2,3.5,64.0,0.5
Milk and cereal bar,303.9,4.8,53.0,8.1
"Pudding, bread with Peanuts, boiled",223.7,8.9,22.7,12.0
"Dip, salsa con queso, cheese and salsa- medium with Yogurt parfait, with fruit",111.0,3.9,12.6,5.0
"Yogurt, Greek, Blueberry, CHOBANI",103.8,2.2,3.9,0.1
"Tortilla chips, plain with Breakfast bar, date, with yogurt coating",378.6,4.9,64.6,12.7
"Crackers, oyster with Tangerine juice, raw",205.4,4.4,37.5,3.9
"Sunflower seeds, flavored",257.9,8.4,11.8,21.6
"Salsa verde or salsa, green with Milk and cereal bar",200.7,3.5,34.8,5.3
"Grape leaves, raw",104.9,6.3,19.5,2.4
"Puddings, rice, ready-to-eat",61.8,1.8,10.5,1.2
"Pineapple, dried with Cereal, granola",337.6,4.3,68.9,5.2
"Dates, medjool",236.1,1.5,63.9,0.1
"Crackers, snack, Goya Crackers",396.7,13.0,59.0,12.3
"Pineapple, raw with Crackers, whole-wheat",175.6,3.7,31.4,4.6
"Watermelon juice, 100% with Almond chicken",78.0,5.5,4.8,4.4
"Chickpeas, NFS with Cereal, multigrain",297.1,10.3,48.7,7.1
"Pretzels, hard, multigrain with Energy drink (Monster)",237.0,5.9,50.5,1.7
"Grape juice, 100% with Pear, raw",66.1,0.3,16.3,0.2
"Sausage, summer, pork and beef, sticks, with cheddar cheese",246.8,11.2,1.1,22.0
"Blackberries, frozen",60.4,1.1,14.8,0.4
"Cherries, maraschino",53.2,0.1,13.5,0.1
"Babyfood, pretzels with Babyfood, GERBER, 3rd Foods, apple, mango and kiwi",220.5,5.8,46.4,1.0
"Cobbler, peach",137.9,1.4,21.0,5.5
"Carrots, raw with Rice crackers",172.4,4.0,34.8,1.9
"Cherries, canned",67.3,0.6,17.1,0.1
"Blueberries, dried",204.5,1.6,51.6,1.6
"Pear, dried",81.3,0.6,21.6,0.2
"Almond butter sandwich, on wheat bread",393.4,14.6,36.8,20.8
"Popcorn chips, plain",346.0,8.0,58.6,8.8
"Cereal, crunch",325.4,3.5,67.1,4.5
"Veggie burger, on bun",130.1,7.5,17.9,3.0
"Clementines, raw",214.7,0.9,13.0,0.2
"Pear, dried",123.2,0.9,32.8,0.3
Banana chips,240.9,1.1,27.1,15.6
"Raisins, seeded",249.5,2.1,66.2,0.5
"Sunflower seeds, NFS",180.0,6.0,7.4,15.4
"Papaya, dried",103.9,0.4,25.9,0.3
"KFC, Popcorn Chicken",286.0,14.4,17.3,17.7
"Grapes, raw",62.1,0.7,14.5,0.1
"Yogurt, Greek, Blueberry, CHOBANI",349.1,7.4,13.0,0.2
"Crackers, matzo, whole-wheat",232.6,8.7,52.3,1.0
"Popcorn, NFS",355.0,6.3,37.7,20.9
"Snacks, pita chips, salted",339.5,8.8,50.7,11.3
"Raspberries, raw",52.8,0.9,12.0,0.2
"Apple, raw with Cereal or granola bar (Quaker Chewy Dipps Granola Bar)",260.0,3.7,38.1,10.0
"Peach, dried",155.7,2.4,40.0,0.5
Date,296.9,2.6,79.0,0.4
"Pretzels, soft, multigrain",131.7,3.3,27.4,1.2
"Raisins, seeded",287.2,2.4,76.2,0.5
"Carrot, dehydrated",268.7,6.4,62.7,1.2
"Popcorn, NFS",276.8,4.9,29.4,16.3
"Babyfood, pretzels",367.7,10.0,76.1,1.9
Pita chips,279.3,7.2,41.7,9.3
"Puddings, rice, ready-to-eat with Carrot, dehydrated",206.1,5.2,45.3,1.6
"Raspberries, frozen with Tangerine juice, raw",54.9,0.9,12.6,0.2
"Bread, pita, white, enriched",321.6,10.6,65.1,1.4
"Pudding, chocolate, NFS",65.7,1.0,10.6,2.1
"Cereal or granola bar, with rice cereal",128.7,1.0,24.8,2.8
"Grapes, muscadine, raw",51.0,0.7,12.4,0.4
"Crackers, cheese (Cheez-It) with Edamame, cooked",265.6,8.0,30.2,12.6
"Peanut butter with Pretzels, soft, multigrain",354.1,11.9,30.7,22.6
"Nutritional drink or shake, high protein, light, ready-to-drink, NFS",109.2,4.3,13.7,4.3
"Bananas, dehydrated, or banana powder with Popcorn, air-popped, with added butter",358.2,5.3,82.2,4.6
"Grape leaves, canned",327.9,4.9,13.4,2.3
"Cantaloupe, raw with Cobbler, peach",81.4,1.1,13.8,2.4
"Raisins, seeded with Snacks, trail mix, regular",266.7,4.5,53.3,6.9
"Raspberries, puree, seedless with Pineapple, dried",114.8,0.9,26.7,0.7
"Crisp, apple",223.0,2.9,31.3,9.9
"Cereal or Granola bar, NFS",257.3,5.5,35.2,10.8
"Yogurt tube with Kiwi fruit, raw",65.3,2.8,11.9,0.7
"Dates, medjool",102.8,0.7,27.8,0.1
"Mango, dried with Cherries, canned",278.3,2.2,68.7,1.0
"Pudding, chocolate, NFS with Peach nectar",96.8,1.3,16.4,2.9
"Cereal, multigrain with Crisp, peach",245.3,6.8,45.6,4.2
"Chickpeas, NFS",91.0,3.5,11.0,3.8
"Crackers, wheat",177.8,3.6,28.3,6.2
Chocolate candy with dried fruit,230.3,2.4,40.4,8.7
"Fruit butters, apple",332.2,0.2,19.5,0.1
Milk and cereal bar,248.6,3.9,43.3,6.6
"Grape leaves, raw",53.6,3.2,10.0,1.2
"Egg, whole, cooked, hard-boiled with Beverages, Kiwi Strawberry Juice Drink",119.6,8.5,4.8,7.1
"Tangerines, (mandarin oranges), raw",168.7,0.6,10.1,0.2
"Clementines, raw",203.4,0.9,12.3,0.2
"Candies, SPECIAL DARK Chocolate Bar",205.9,2.1,22.4,12.0
"Celery, raw with Fish, stick",74.2,2.9,6.8,3.9
Chickpea flour (besan),259.1,15.0,38.7,4.5
"Nabisco, Nabisco Snackwell's Fat Free Devil's Food Cookie Cakes with Cereal, rice squares",305.5,5.6,69.8,1.5
"Nabisco, Nabisco Snackwell's Fat Free Devil's Food Cookie Cakes with Cereal or granola bar (Quaker Chewy Granola Bar)",306.3,4.6,62.2,7.0
"Cheese, processed cheese food",202.7,10.6,5.8,15.2
"Egg, deviled",228.9,13.3,1.2,18.4
Peanut butter and jelly,381.8,9.9,40.8,22.7
"Chickpeas, from canned, reduced sodium",79.7,3.2,8.8,3.8
"Cheese, cottage, NFS with Sunflower seeds, flavored",211.7,10.6,9.9,15.7
"Apple, candied",103.4,1.0,22.8,1.7
"Apricot, dried",242.4,3.4,63.0,0.5
"Snacks, corn cakes",355.9,7.5,76.7,2.2
"Melons, cantaloupe, raw",138.1,0.8,8.0,0.2
"Pretzels, soft",130.4,3.2,26.8,1.2
Banana pudding,172.3,2.8,30.2,4.6
"Chickpeas, from canned, no added fat with Fruit smoothie, with whole fruit and dairy",122.3,6.3,19.6,2.6
"Bologna, turkey with Cereal or granola bar (Quaker Chewy Granola Bar)",226.7,6.9,24.5,12.4
"Tortilla chips, reduced fat, plain",279.8,7.4,53.8,3.8
"KFC, Popcorn Chicken with Apricot nectar",244.3,11.4,18.3,14.1
"Egg, whole, boiled or poached",55.1,4.8,0.4,3.8
"Raisins, seeded",293.9,2.5,78.0,0.5
Cereal or granola bar (Kellogg's Nutri-Grain Cereal Bar),144.0,1.7,26.7,3.4
"Pie, strawberry with Grapes, raw",226.7,2.3,36.2,8.4
"Pears, raw",162.8,0.2,10.4,0.1
"Dip, salsa con queso, cheese and salsa- medium",120.7,2.7,9.4,8.0
Orange chicken,128.9,7.1,11.1,6.2
"Yogurt, NFS with Strawberries, canned",69.3,2.9,12.1,1.3
"Pear, dried",216.4,1.5,57.6,0.5
"Cottage cheese, farmer's",82.9,6.1,2.4,5.5
"Veggie burgers or soyburgers, unprepared",283.3,6.0,5.5,2.4
"Bread, pita with fruit",310.6,9.1,66.3,1.2
"Candies, SPECIAL DARK Chocolate Bar",296.8,3.0,32.3,17.3
"Crackers, rice and nuts",386.8,9.7,69.6,8.0
"Yogurt parfait, with fruit with Candies, SPECIAL DARK Chocolate Bar",317.8,6.3,38.1,15.7
"Grape leaves, raw",77.5,4.7,14.4,1.8
"Guacamole, NFS with Pecans, salted",390.0,5.0,10.8,37.5
"Papayas, raw with Popcorn chips, plain",238.3,5.2,42.6,5.6
"Cereal or granola bar, nonfat",140.4,2.4,31.9,0.4
"Cheese, processed cheese food with Abiyuch, raw",198.3,9.4,12.9,12.6
"Peach nectar with Pudding, bread",64.7,1.3,12.4,1.4
"Babyfood, GERBER, 3rd Foods, apple, mango and kiwi with McDONALD'S, Fruit 'n Yogurt Parfait (without granola)",74.1,1.5,16.9,0.5
"Melons, honeydew, raw with Cereal or granola bar (Quaker Granola Bites)",211.9,3.3,33.8,7.3
"Candy, fruit leather",260.8,0.1,60.3,2.1
Multigrain chips (Sun Chips),240.2,3.9,32.9,10.3
Cake made with glutinous rice,110.5,1.0,21.2,2.6
"Yogurt, Greek, strawberry, lowfat",251.5,4.7,7.0,1.5
"Cake, fruit cake",357.7,3.2,68.0,10.0
"Strawberries, canned",73.2,0.4,18.7,0.2
Pear nectar,63.2,0.1,16.6,0.0
"Edamame, frozen, unprepared",124.4,12.8,8.7,5.4
"Bananas, dehydrated, or banana powder",107.8,1.2,27.5,0.6
"Pumpkin seeds, salted",329.7,17.1,8.5,28.2
"Hummus, plain",269.4,8.1,16.5,19.0
"Nutritional drink or shake, high protein, ready-to-drink (Slim Fast) with Snacks, corn cakes",111.2,4.6,18.8,1.9
"Beef jerky with Plum, canned",324.8,25.3,11.7,19.5
Energy drink (SoBe Energize Energy Juice Drink),53.6,0.0,13.4,0.0
"Nuts, walnuts, glazed with Venison/deer jerky",325.4,12.9,24.2,21.5
"Sunflower seeds, flavored",293.5,9.6,13.4,24.6
"Mixed nuts, NFS",285.3,9.2,9.8,25.2
"Tangerine, raw with Ladoo, round ball",126.3,2.1,18.5,5.4
Dark chocolate candy with Tzatziki dip,284.8,4.6,28.5,17.0
"Bean salad, yellow and/or green string beans with Carrot, dehydrated",216.4,5.8,41.9,4.1
"Carissa, (natal-plum), raw with Apple, baked",62.2,0.3,13.1,1.5
"Orange Blossom with Peach, canned, in syrup",85.8,0.5,11.4,0.2
"Blueberries, dried",343.4,2.7,86.7,2.7
"Cherries, raw",71.3,1.0,16.2,0.2
"Peach, dried",134.0,2.0,34.4,0.4
"Muffin, carrot with Veggie burger, on bun",336.1,10.0,47.1,12.1
"Cereal or Granola bar, NFS with Papayas, raw",382.3,8.1,53.5,15.7
"Crackers, whole-wheat",208.4,5.2,34.0,6.9
"Yogurt tube with Cherries, frozen",94.7,3.8,17.9,0.9
"Cereal, crunch",167.1,1.8,34.5,2.3
"Bologna, turkey with Peach, canned, in syrup",124.7,5.8,7.5,8.0
Banana nectar,69.5,0.2,16.9,0.1
Bean chips,282.9,9.2,33.5,13.6
"Grape juice, 100%",65.4,0.2,15.6,0.3
"Seeds, chia seeds, dried",203.7,6.9,17.6,12.9
"Yogurt, liquid",79.6,3.9,13.5,1.2
"Pear nectar with Cheese spread, cream cheese",178.8,3.4,12.3,13.4
"Fruit smoothie, with whole fruit and dairy with Beef jerky",245.8,17.9,13.3,13.4
"Cheese, cottage, NFS",93.8,12.6,4.9,2.6
"Bean salad, yellow and/or green string beans with Crackers, oyster",273.4,6.8,44.6,7.3
Chickpea flour (besan),117.2,6.8,17.5,2.0
"Apple, raw with Cantaloupe, raw",53.5,0.3,12.7,0.1
"Cheese, processed cheese food",186.4,9.8,5.4,14.0
"Orange, raw with Cereal, crunch",210.3,2.6,44.5,2.5
"Apricot, dried",111.2,1.6,28.9,0.2
"Crackers, whole-wheat, low salt",327.1,6.5,50.7,12.7
"Crackers, oatmeal with Babyfood, GERBER, 3rd Foods, apple, mango and kiwi",366.3,5.7,59.6,12.4
"Snacks, rice cakes, brown rice, corn with Hummus, commercial",292.9,7.6,45.0,10.0
"Bread, pita",268.9,8.9,54.5,1.2
"Toppings, pineapple",149.9,0.1,39.3,0.1
"Papaya, dried with Strawberries, raw",203.3,1.0,50.4,0.6
"Apricots, raw with Grapefruit, raw",107.8,1.0,9.8,0.2
"Popcorn, caramel coated with Pretzels, hard, multigrain",397.0,6.1,76.6,8.6
"Snacks, fruit leather, pieces, with vitamin C",315.8,0.1,72.1,3.0
"Pineapple, dried",202.4,0.7,49.1,0.4
"Raisins, seeded with Grape leaves, raw",271.2,4.5,68.5,1.4
"Crackers, cheese, regular",224.1,5.0,27.2,10.4
"Nutritional drink or shake, high protein, ready-to-drink (Slim Fast) with Cucumber and vegetable namasu",55.3,4.5,3.8,2.3
Vegetable smoothie,80.0,2.5,5.3,6.0
"Chickpeas, from canned, no added fat with Fruit smoothie, with whole fruit and dairy",136.3,7.2,21.5,2.9
"Pretzels, soft, unsalted",159.8,3.8,32.9,1.4
"Prune, dried with Pudding, rice",211.5,2.4,54.2,0.7
"Apricot nectar with Banana, raw",55.2,0.3,13.2,0.3
Banana pudding,88.5,1.4,15.5,2.4
"Hard cider with Cashews, unsalted",244.7,5.3,15.1,17.1
"Pineapple, dried with Pudding, rice",198.2,1.9,44.8,1.2
"Blueberries, raw with Nutritional drink or shake, high protein, ready-to-drink, NFS",78.9,3.6,11.9,1.8
Vegetable chips,389.3,3.7,46.6,20.9
"Pretzels, hard, flavored with Popcorn, air-popped, no butter added",353.7,10.2,71.9,3.8
"Veggie burgers or soyburgers, unprepared",275.9,5.9,5.3,2.4
"Plums, raw with Snacks, pita chips, salted",327.9,6.2,40.0,7.7
"Nutritional drink or shake, high protein, ready-to-drink, NFS",70.6,7.6,1.0,3.9
"Edamame, cooked",55.7,4.6,3.4,3.0
Milk and cereal bar,315.6,4.9,55.0,8.4
"Tangerine juice, 100%",51.0,0.6,12.0,0.2
Rice cake,204.4,3.7,42.3,2.2
"Bread, pita, white, enriched",252.4,8.4,51.1,1.1
"Apple, dried",75.6,0.3,20.5,0.1
"Fruit smoothie, NFS with Hummus, flavored",132.1,4.2,13.0,7.1
"Apple, candied",128.3,1.3,28.3,2.1
"Fruit and vegetable smoothie, bottled with Almonds, flavored",217.9,6.7,13.2,16.9
"Grape leaves, raw",95.8,5.8,17.8,2.2
"Cereal, rice squares with Dried, fruit, NFS",343.7,5.9,77.9,1.8
"Popcorn, ready-to-eat, kettle",313.7,3.2,36.0,17.9
"Peanut butter sandwich, with regular peanut butter, on wheat bread",246.8,9.8,24.3,13.3
Milk shake with malt,79.6,2.4,8.7,3.9
"Grape leaves, raw with Almond chicken",145.0,10.5,12.6,7.3
"Raisins, seeded with Banana pudding",249.6,2.4,62.5,1.5
"Crisp, apple",138.6,1.8,19.5,6.2
"Edamame, frozen, unprepared with McDONALD'S, Fruit 'n Yogurt Parfait (without granola)",92.4,6.8,10.9,2.9
Chocolate candy with dried fruit with Rice cake,369.1,4.6,67.6,11.5
"Cobbler, peach",151.2,1.5,23.0,6.0
"Hummus, home prepared",191.7,5.3,21.8,9.3
"Cherries, canned with Orange chicken",113.1,4.8,14.9,4.0
"Salsa verde or salsa, green with Peanut butter sandwich, with regular peanut butter, on white bread",174.3,6.2,19.7,8.5
"Nabisco, Nabisco Snackwell's Fat Free Devil's Food Cookie Cakes",211.4,3.5,51.4,0.8
"Babyfood, GERBER, 3rd Foods, apple, mango and kiwi with Grapes, raw",61.1,0.6,15.3,0.1
"Eggs, Grade A, Large, egg white with Grapes, muscadine, raw",52.5,6.4,6.5,0.2
"Pistachio nuts, NFS",231.8,8.5,11.5,18.6
"Cherries, dried with Tangerine, raw",198.9,1.1,48.3,0.5
"Banana, raw",74.3,0.6,17.4,0.2
"Seeds, sunflower seed butter, without salt",395.6,11.1,14.9,35.4
"Melons, cantaloupe, raw with Celery juice",98.2,0.7,6.5,0.2
Milk shake with malt,64.1,1.9,7.0,3.1
"Grape leaves, raw",57.3,3.4,10.7,1.3
"Rice cake with Seeds, breadfruit seeds, boiled",373.4,7.7,76.1,4.3
"Nabisco, Nabisco Snackwell's Fat Free Devil's Food Cookie Cakes",296.3,4.9,72.1,1.1
"Seeds, sunflower seed butter, without salt with Plum, raw",269.8,7.4,12.8,23.1
"Hummus, home prepared",104.0,2.9,11.8,5.0
"Yogurt, soy with Toppings, pineapple",167.7,2.6,38.1,1.4
"Cereals ready-to-eat, POST, Honeycomb Cereal",153.2,2.3,33.7,1.1
Cereal or granola bar (Kellogg's Nutri-Grain Cereal Bar),141.7,1.6,26.2,3.4
"Bananas, dehydrated, or banana powder",309.5,3.5,79.0,1.6
Venison/deer jerky,320.9,26.0,11.9,18.1
"Popcorn, caramel coated",165.6,1.5,30.4,4.9
Dark chocolate candy with nuts,280.4,4.1,26.1,18.2
"Veggie burger, on bun",141.1,8.2,19.4,3.3
"Bagel, with raisins",125.6,4.6,25.8,0.6
"Cereal or granola bar, nonfat",286.3,4.9,65.0,0.8
"Pretzels, soft, multigrain",249.7,6.3,52.1,2.3
"Grapes, raw",82.7,0.9,19.3,0.2
"Sherbet, orange",261.3,0.5,13.2,0.9
"Tortilla chips, reduced sodium",173.5,3.3,24.2,7.0
"Cereal or granola bar, with rice cereal",322.4,2.6,62.2,7.0
Milk shake with malt,100.7,3.0,11.0,4.9
Cereal or granola bar (Kellogg's Nutri-Grain Cereal Bar),175.3,2.0,32.5,4.2
"Apricots, raw",65.9,0.5,3.6,0.1
"Chickpeas, from canned, reduced sodium",69.7,2.8,7.7,3.3
Cereal or granola bar (Quaker Chewy 90 Calorie Granola Bar),376.5,3.8,73.1,7.7
"Soup, Matzo ball with Almond butter sandwich, on white bread",241.2,8.6,26.4,11.3
"Mango, frozen with Beef jerky",124.7,7.3,12.5,5.5
"Fruit smoothie, bottled with Pistachio nuts, salted",217.4,6.9,15.9,15.4
Rice cake,391.1,7.1,80.9,4.3
"Bean salad, yellow and/or green string beans",66.4,2.1,7.9,3.0
"Strawberries, canned",61.2,0.4,15.6,0.2
"Cereal, multigrain",199.2,6.2,39.5,1.9
"Blueberries, dried",334.9,2.6,84.5,2.6
"Chickpeas, from canned, reduced sodium",137.6,5.5,15.1,6.5
"Almond butter, lower sodium",228.1,7.4,7.5,18.8
"Seeds, breadfruit seeds, raw with Puddings, rice, ready-to-eat",175.0,6.3,27.6,4.6
"Candy, fruit leather with Guacamole with tomatoes",194.2,0.5,38.3,4.7
"Egg, deviled",100.8,5.9,0.5,8.1
Rice cake,345.9,6.3,71.6,3.8
"Celery, cooked with Seeds, sunflower seed kernels, dried",294.9,10.0,11.2,25.6
"Seeds, chia seeds, dried",375.3,12.7,32.5,23.7
"Apple, dried",125.6,0.5,34.0,0.2
"Cottage cheese, farmer's",128.2,9.5,3.7,8.4
"Nabisco, Nabisco Snackwell's Fat Free Devil's Food Cookie Cakes with Beverages, V8 SPLASH Juice Drinks, Strawberry Kiwi",195.8,2.8,42.6,0.6
"Seeds, chia seeds, dried",269.8,9.2,23.4,17.0
"Snacks, popcorn, air-popped (Unsalted)",144.7,4.5,29.5,1.6
"Muffin, carrot with Mango, canned",185.8,2.8,29.7,6.6
"Candy, fruit leather",393.0,0.1,90.9,3.2
"Popcorn, NFS",245.1,4.3,26.0,14.5
"Dip, salsa con queso, cheese and salsa- medium",127.8,2.8,9.9,8.5
Macadamia nuts,293.4,3.2,5.3,31.2
"Cherries, dried",214.3,0.8,51.8,0.5
"Seeds, sunflower seed butter, without salt",263.5,7.4,10.0,23.6
"Strawberries, canned",86.6,0.5,22.2,0.2
"Popcorn, air-popped, with added butter with Cheese, processed cheese food",354.8,11.9,41.1,16.8
"Cereal, granola",130.8,3.1,21.0,4.1
"Cookie, rum ball, no bake",338.5,3.5,42.0,17.3
"Apple, baked",105.6,0.3,21.2,2.9
"Blueberries, dried",122.7,1.0,31.0,1.0
"Pretzels, soft, multigrain with Chickpeas, from canned, fat added",242.2,7.3,42.8,5.2
Popcorn cake,135.9,3.4,28.4,1.1
"Seeds, watermelon seed kernels, dried",328.2,16.7,9.0,27.9
"Dates, medjool with Blueberries, raw",160.4,1.2,42.3,0.2
"Papaya, dried",217.7,0.9,54.4,0.6
"Salsa, red, homemade with Yogurt, liquid",51.3,2.4,9.4,0.5
"Pretzels, NFS with Yogurt, liquid",212.5,6.3,43.2,1.8
"Snacks, trail mix, regular",329.2,9.8,32.0,20.9
"Popcorn, microwave, kettle",397.0,7.4,45.7,21.7
"Almond butter sandwich, on wheat bread",148.8,5.5,13.9,7.9
"Melons, cantaloupe, raw",62.3,0.4,3.6,0.1
"Grape leaves, canned",185.5,2.8,7.6,1.3
Peach nectar,53.2,0.1,12.6,0.6
"Toppings, pineapple with Noodle pudding",147.8,1.3,33.9,1.6
"Sausage, summer, pork and beef, sticks, with cheddar cheese",259.7,11.8,1.1,23.1
Nutrition bar (South Beach Living High Protein Bar),179.4,13.2,16.7,6.6
"Cucumber salad made with cucumber and vinegar with Seeds, chia seeds, dried",145.5,4.5,15.4,7.7
"Grape juice, 100%",59.1,0.2,14.1,0.3
"Nuts, cashew butter, plain, with salt added",358.5,7.1,17.8,31.2
"Salsa, red with Fish, stick",114.8,4.6,10.7,6.0
"Cereal or Granola bar, NFS",316.1,6.8,43.2,13.3
Banana chips,256.6,1.1,28.9,16.6
"Popcorn, air-popped, with added butter",179.8,4.6,27.5,6.4
"Seeds, chia seeds, dried",295.7,10.0,25.6,18.7
Peanut sauce,93.8,2.3,8.0,5.8
"Pears, raw",199.1,0.3,12.7,0.1
"Pistachio nuts, salted",180.9,6.4,8.5,14.8
"Banana nectar with Fruit smoothie, with whole fruit, no dairy",58.9,0.3,14.2,0.2
"Candy, fruit leather",249.3,0.1,57.7,2.0
"Raspberries, raw",64.1,1.1,14.5,0.2
"Nabisco, Nabisco Snackwell's Fat Free Devil's Food Cookie Cakes",299.2,4.9,72.8,1.1
"Grapefruit, raw with Pretzels, soft",177.0,4.2,37.3,1.5
"Grape leaves, raw with Peanut butter and jelly",149.5,5.6,20.0,7.0
Pork jerky with Cracker chips,392.1,24.9,23.2,21.4
"Trail mix with chocolate with Cobbler, peach",399.3,8.1,43.2,23.5
Pear nectar,65.2,0.1,17.1,0.0
Dark chocolate candy with nuts,223.0,3.3,20.8,14.4
"Cantaloupe, raw with Banana pudding",74.0,1.3,13.6,1.6
"Candy, fruit leather with Crackers, cheese, regular",360.1,3.8,64.6,9.4
"Hummus, home prepared",120.0,3.3,13.6,5.8
Cake made with glutinous rice,175.4,1.6,33.7,4.1
"Snacks, corn cakes",122.0,2.6,26.3,0.8
Vegetable smoothie with Peanut butter and jelly,222.3,6.0,21.4,14.1
"Rice crackers with Veggie burger patty, no bun",377.3,14.7,64.6,6.6
"Crackers, rice with Pineapple, frozen",269.3,6.3,53.9,3.1
"Seeds, chia seeds, dried with Blueberries, frozen",329.3,10.9,30.2,20.3
"Crackers, cheese (Goldfish)",196.0,4.4,23.8,9.1
"Dip, salsa con queso, cheese and salsa- medium",142.5,3.1,11.1,9.5
"Crackers, cheese",240.1,5.4,29.2,11.2
"Tangerines, (mandarin oranges), raw",80.8,0.3,4.8,0.1
"Grapes, raw with Cereal or granola bar, with rice cereal",263.8,2.3,53.5,4.5
Banana pudding,146.5,2.4,25.6,3.9
"Candy, fruit leather with Raspberries, puree, seedless",220.1,0.4,50.4,2.0
Orange Blossom,55.9,0.3,5.3,0.1
"Seeds, chia seeds, dried",366.7,12.4,31.8,23.2
"Cheese, cottage, with fruit with Egg, deviled",145.1,11.8,3.8,9.0
"Nuts, walnuts, glazed",379.5,6.3,36.1,27.1
Corn nuts,381.9,7.3,61.5,13.4
"Chickpeas, from canned, no added fat with Pretzels, soft, unsalted",217.3,8.0,40.1,3.1
"Blueberries, dried",140.9,1.1,35.6,1.1
"Cobbler, peach with Cracker chips",288.7,3.9,41.5,12.0
"Clementines, raw with Cherries, canned",146.0,0.7,13.0,0.1
"Apple, baked with Banana chips",232.9,0.9,30.9,13.1
"Papaya, dried with Popcorn, caramel coated",322.0,2.2,67.5,6.2
"Candies, SPECIAL DARK Chocolate Bar",265.4,2.6,28.9,15.5
"Popcorn, air-popped, with added butter",212.8,5.5,32.5,7.6
"Tofu yogurt with KFC, Popcorn Chicken",376.6,9.1,18.0,9.6
Cheese ball,370.0,15.0,4.1,32.6
"Snacks, rice cracker brown rice, plain with Yogurt tube",331.7,8.1,68.5,2.6
"Pudding, chocolate, NFS",118.4,1.7,19.2,3.8
"Apple, dried",271.7,1.0,73.7,0.4
"Guacamole, NFS",147.0,1.8,8.0,13.4
Milk shake with malt,134.2,4.0,14.6,6.6
"Peanut butter sandwich, with regular peanut butter, on white bread with Bean salad, yellow and/or green string beans",213.2,7.5,23.0,10.9
"Crackers, matzo, whole-wheat",112.5,4.2,25.3,0.5
"Seeds, breadfruit seeds, raw",126.9,4.9,19.4,3.7
"Cherries, dried",343.8,1.3,83.1,0.8
"Fruit smoothie, light with Crisp, peach",90.7,2.6,14.2,2.8
Trail mix with nuts with Noodle pudding,388.2,12.6,20.8,30.7
"Prune, dried with Cobbler, peach",177.5,1.7,40.7,2.5
Raisins,294.8,3.3,78.2,0.2
"Apple, dried",162.5,0.6,44.1,0.2
"Egg, whole, cooked, hard-boiled with Hummus, home prepared",165.9,8.8,10.4,9.6
"Peanut butter sandwich, with regular peanut butter, on white bread with Peanuts, boiled",375.4,14.3,35.1,21.6
"Veggie burger, on bun",94.7,5.5,13.0,2.2
Tzatziki dip,51.8,3.0,2.3,3.4
"Raspberries, puree, seedless with Yogurt tube",63.7,2.6,11.5,1.1
"Yogurt, liquid",73.8,3.6,12.5,1.1
"Nabisco, Nabisco Snackwell's Fat Free Devil's Food Cookie Cakes with Tangerine, raw",209.4,3.4,51.1,0.8
"Mango, dried",341.1,2.6,84.0,1.3
"Peanut butter sandwich, with regular peanut butter, on white bread",326.1,11.8,34.0,17.3
"Tortilla chips, reduced sodium with Nectarines, raw",375.7,7.2,53.2,14.9
"Salsa, NFS with Yogurt parfait, lowfat, with fruit and granola",61.9,2.5,11.9,0.6
"Almond butter sandwich, on wheat bread with Egg, deviled",238.0,10.1,16.9,14.3
"Cereal, rice squares",286.9,5.6,62.2,1.8
"Yogurt, soy with Pie, strawberry",135.3,3.6,19.9,4.9
"Veggie burger, on bun, with cheese with Pears, raw",302.3,10.8,28.1,6.4
"Snacks, rice cracker brown rice, plain",326.7,6.9,68.8,2.4
"Beverages, V8 SPLASH Juice Drinks, Strawberry Kiwi",124.7,0.0,7.6,0.0
"Yogurt, Greek, plain, lowfat with Pineapple, frozen",223.7,6.7,8.5,1.3
"Pear, raw",60.5,0.4,15.6,0.2
"Banana, raw",71.0,0.5,16.6,0.2
"Cobbler, peach",104.3,1.1,15.9,4.2
"Snacks, corn cakes, very low sodium with Pretzels, soft",261.8,5.8,55.4,1.9
"Popcorn, ready-to-eat, kettle",383.1,4.0,44.0,21.8
"Pretzels, hard, multigrain",319.8,8.5,67.2,2.5
"Pudding, bread",167.0,6.0,25.2,5.2
"Cookie, raisin with Kiwi fruit, raw",311.7,3.4,54.4,9.7
"Beverages, V8 SPLASH Juice Drinks, Strawberry Kiwi",137.8,0.0,8.4,0.0
"Chickpeas, from canned, reduced sodium with Crackers, oyster",238.7,7.1,35.6,7.6
"Papaya, dried",266.4,1.1,66.5,0.7
"Crackers, cheese (Goldfish) with Melons, honeydew, raw",267.2,5.9,34.3,11.8
"Milk shake with malt with Candy, fruit leather",165.8,1.9,30.8,3.9
"Seeds, breadfruit seeds, boiled",173.2,5.5,33.0,2.4
"Chickpeas, from canned, no added fat",133.9,7.5,20.6,3.0
"Cookie, granola with Blackberries, frozen",255.8,5.3,39.5,8.9
Vegetable smoothie,58.7,1.8,3.9,4.4
Orange chicken,306.4,16.9,26.3,14.8
"Nutritional drink or shake, high protein, ready-to-drink, NFS",63.1,6.8,0.9,3.5
Vegetable smoothie,96.6,3.0,6.3,7.2
"Papaya, canned",62.2,0.4,15.7,0.3
"Cherries, canned",87.6,0.8,22.2,0.2
"Kiwi fruit, raw",62.0,1.0,13.6,0.4
Venison/deer jerky,342.7,27.7,12.7,19.3
"Crackers, oatmeal",253.2,4.1,39.4,9.1
"Apple, dried",158.7,0.6,43.0,0.2
"Almond paste with Cucumber, cooked",375.7,7.3,38.9,22.9
"Cereal, crunch",133.5,1.4,27.5,1.9
Cereal or granola bar (Quaker Chewy 90 Calorie Granola Bar) with Banana chips,392.0,3.4,67.5,12.6
"Raspberries, frozen with Yogurt parfait, with fruit",66.0,1.9,13.4,0.6
"Pretzels, soft",239.9,5.8,49.3,2.2
"Seeds, breadfruit seeds, boiled",105.8,3.3,20.2,1.4
"Cheese, processed cheese food",325.2,17.0,9.4,24.4
"Cereal, oat squares",363.3,10.0,70.2,5.0
"Raspberries, puree, seedless with Cracker chips",259.7,4.4,37.0,10.6
"Bean salad, yellow and/or green string beans with Pudding, bread",154.4,5.3,20.9,5.9
"Chicken, feet, boiled",253.6,22.9,0.2,17.2
"Blackberries, frozen",59.6,1.1,14.6,0.4
"Crackers, whole-wheat, low salt",345.2,6.9,53.5,13.4
Banana pudding,188.0,3.0,32.9,5.0
"Cereal, rice squares",123.1,2.4,26.7,0.8
"Babyfood, pretzels",369.9,10.1,76.6,1.9
"Pretzels, hard, flavored with Crisp, apple",305.3,7.2,59.2,4.8
